velocidade_amb,dist_amb_emer,prioridade_emergencia,tempo_de_resposta
10,26.1725046566048,7,6.2345009313209605
14,10.04987562112089,8,2.4356965173029845
14,8.246211251235321,6,2.1780301787479033
11,32.449961479175904,7,6.8999929962138005
10,28.0178514522438,7,6.60357029044876
10,24.041630560342615,6,5.808326112068523
11,13.45362404707371,6,3.446113463104311
11,36.796738985948195,3,9.69031617926331
8,23.08679276123039,2,10.771698190307598
8,14.035668847618199,6,4.508917211904549
6,22.47220505424423,6,8.49073501808141
5,16.492422502470642,2,11.596969000988256
14,17.26267650163207,10,3.4660966430902955
11,15.0,8,3.727272727272727
14,25.942243542145693,5,5.7060347917350995
14,32.449961479175904,3,7.635708782739415
14,18.439088914585774,9,3.634155559226539
10,1.0,8,1.2
14,17.804493814764857,7,3.5434991163949796
9,21.470910553583888,4,6.771313456351975
14,25.317977802344327,3,6.616853971763476
8,6.324555320336759,8,2.58113883008419
13,2.0,5,2.3076923076923075
11,16.76305461424021,4,5.0478281116800385
13,24.758836806279895,3,6.8090518163507525
11,12.083045973594572,1,12.196917449744468
13,14.317821063276353,10,3.2027417020425157
11,35.38361202590826,6,7.433384004710593
14,25.179356624028344,4,5.597050946289763
14,17.029386365926403,3,5.432769480846629
12,21.93171219946131,2,8.655285366576885
13,18.439088914585774,1,12.836782909936273
9,10.44030650891055,10,3.3200681130912333
14,16.1245154965971,10,3.3035022137995855
13,25.238858928247925,8,4.882901373576604
14,17.029386365926403,8,3.432769480846629
13,7.0710678118654755,8,2.0878565864408425
14,28.844410203711913,6,5.120630029101702
14,26.1725046566048,6,4.738929236657828
14,14.212670403551895,9,3.030381486221699
9,29.410882339705484,8,7.535751631045663
12,33.28663395418648,7,6.547772325697746
14,9.433981132056603,6,2.3477115902938004
12,11.045361017187261,2,6.840893502864543
11,27.16615541441225,2,9.93930098443859
10,22.360679774997898,2,9.47213595499958
14,15.231546211727817,1,12.175935173103973
14,21.587033144922902,8,4.083861877846129
9,9.433981132056603,7,3.096440251568134
11,36.796738985948195,7,7.690316179263308
14,29.0,6,5.142857142857143
11,21.213203435596427,5,5.85694607919935
8,20.0,5,7.0
14,30.01666203960727,4,6.288094577086753
11,29.154759474226502,3,8.300865358950272
7,31.906112267087632,1,19.116032076310752
11,29.732137494637012,10,6.405843180843093
13,18.0,8,3.769230769230769
11,24.186773244895647,7,5.397595135435572
9,18.027756377319946,6,5.006168083848877
13,25.80697580112788,5,5.97030396940429
8,27.65863337187866,5,8.914658342969666
13,25.709920264364882,4,5.955372348363828
11,25.0,4,6.545454545454546
11,18.788294228055936,3,6.41605349601017
13,3.1622776601683795,3,3.48650425541052
12,4.47213595499958,10,1.7453559924999298
10,24.698178070456937,7,5.9396356140913875
9,22.80350850198276,6,6.067446333773947
10,19.4164878389476,6,4.88329756778952
12,26.419689627245813,6,5.403281604540969
10,12.0,4,4.4
12,24.20743687382041,3,7.034572812303401
10,14.560219778561036,3,5.912043955712207
10,25.495097567963924,3,8.099019513592784
12,16.97056274847714,2,7.82842712474619
10,17.029386365926403,2,8.40587727318528
14,26.076809620810597,10,4.7252585172586565
10,9.433981132056603,9,2.8867962264113207
10,28.635642126552707,9,6.727128425310541
14,25.0,8,4.571428571428571
6,29.068883707497267,8,10.689627902499089
7,22.561028345356956,6,7.446008098673416
14,27.459060435491963,5,5.922722919355994
10,14.7648230602334,5,4.95296461204668
10,12.206555615733702,5,4.441311123146741
14,5.0990195135927845,5,2.7284313590846834
10,6.082762530298219,2,6.216552506059644
14,25.079872407968907,1,13.58283891542413
14,19.4164878389476,9,3.7737839769925143
8,29.410882339705484,8,8.35272058492637
10,31.064449134018133,7,7.212889826803627
14,18.439088914585774,7,3.634155559226539
8,18.788294228055936,6,5.697073557013984
14,24.839484696748443,6,4.548497813821206
14,12.083045973594572,6,2.7261494247992246
10,20.12461179749811,6,5.024922359499621
14,20.024984394500787,4,4.860712056357255
14,15.264337522473747,4,4.180619646067678
10,10.04987562112089,3,5.009975124224178
8,12.0,2,8.0
14,19.697715603592208,2,7.813959371941744
14,16.76305461424021,10,3.3947220877486015
9,26.019223662515376,10,6.782049702781195
14,26.476404589747453,10,4.782343512821065
14,19.72308292331602,9,3.8175832747594316
10,12.041594578792296,9,3.4083189157584592
14,14.422205101855956,7,3.060315014550851
14,15.231546211727817,7,3.1759351731039738
7,30.083217912982647,5,10.595205117995041
14,30.886890422961002,4,6.412412917565858
14,36.87817782917155,4,7.268311118453078
10,11.045361017187261,4,4.209072203437453
9,27.0,3,9.0
14,27.784887978899608,2,8.969269711271373
10,20.024984394500787,2,9.004996878900158
14,34.713109915419565,10,5.959015702202795
8,5.0,10,2.25
6,26.019223662515376,8,9.673074554171793
14,12.36931687685298,8,2.7670452681218545
14,21.0,8,4.0
8,12.083045973594572,8,4.020761493398643
8,2.0,6,1.5
14,20.8806130178211,5,4.982944716831586
8,9.848857801796104,5,4.462214450449026
8,18.24828759089466,5,6.562071897723665
14,26.0,4,5.714285714285714
14,19.026297590440446,3,5.718042512920064
5,13.0,3,8.2
8,18.24828759089466,1,14.562071897723666
12,28.861739379323623,10,5.810289896553937
14,16.15549442140351,8,3.307927774486216
14,31.304951684997057,9,5.47213595499958
9,22.561028345356956,8,6.013561854523768
12,18.110770276274835,7,4.018461712712472
14,34.655446902326915,7,5.950778128903845
12,11.180339887498949,6,2.863389981249825
9,27.459060435491963,6,7.102013430109325
14,26.92582403567252,6,4.84654629081036
14,33.301651610693426,6,5.757378801527632
12,22.02271554554524,5,5.6704525909242065
12,38.2099463490856,3,9.368324391514268
9,30.870698080866262,2,11.860155129081392
14,19.72308292331602,1,12.817583274759432
14,16.1245154965971,9,3.3035022137995855
12,38.897300677553446,1,16.482883446258906
10,25.059928172283335,10,6.011985634456667
8,6.4031242374328485,9,2.600781059358212
14,14.035668847618199,9,3.005095549659743
9,16.0,8,4.555555555555555
6,28.0178514522438,8,10.3392838174146
14,18.384776310850235,7,3.626396615835748
8,21.02379604162864,5,7.25594901040716
14,27.294688127912362,4,5.8992411611303375
12,32.526911934581186,3,8.421151989096863
7,26.1725046566048,2,12.477858473315656
10,24.73863375370596,2,9.947726750741193
9,26.627053911388696,2,10.917123091419711
12,12.36931687685298,9,3.0615528128088303
14,25.179356624028344,9,4.597050946289763
14,23.769728648009426,8,4.395675521144204
11,7.280109889280518,8,2.323656343505549
12,12.529964086141668,8,3.088327347690278
8,18.027756377319946,8,5.5069390943299865
14,20.0,7,3.857142857142857
14,17.88854381999832,7,3.5555062599997598
12,28.284271247461902,6,5.714045207910317
14,27.073972741361768,5,5.86771039162311
14,19.235384061671343,4,4.747912008810192
12,31.144823004794873,2,10.190803834132478
11,27.586228448267445,2,10.01567789968499
8,28.0178514522438,1,17.00446286306095
13,35.4682957019364,9,6.456660877220984
13,24.839484696748443,5,5.821459184115145
12,16.64331697709324,9,3.773886162848873
12,27.459060435491963,5,6.576510072581994
11,16.278820596099706,7,3.959785562927219
9,14.317821063276353,5,5.181738014061412
12,12.36931687685298,5,4.061552812808831
13,13.341664064126334,5,4.052563702173282
13,31.906112267087632,4,6.90863265647502
11,17.46424919657298,2,8.175318035740542
13,18.384776310850235,2,7.82842712474619
13,13.601470508735444,2,7.092533924420838
12,17.029386365926403,1,12.838231060987734
12,24.698178070456937,1,14.116363011742823
7,26.476404589747453,1,17.56468702564213
14,14.560219778561036,8,3.080031396937291
14,18.439088914585774,4,4.634155559226539
8,18.027756377319946,8,5.5069390943299865
13,35.35533905932738,6,6.439282932204212
14,4.242640687119285,6,1.6060915267313263
14,8.06225774829855,6,2.151751106899793
13,27.784887978899608,4,6.27459815059994
14,22.20360331117452,4,5.171943330167789
14,11.045361017187261,4,3.577908716741037
9,24.758836806279895,3,8.501963734728864
14,16.1245154965971,3,5.303502213799586
8,30.610455730027933,3,10.652613932506984
14,20.12461179749811,1,12.87494454249973
14,21.400934559032695,1,13.057276365576099
14,30.886890422961002,1,14.412412917565858
14,13.416407864998739,6,2.91662969499982
12,15.0,2,7.5
14,12.206555615733702,10,2.743793659390529
13,29.0,10,5.461538461538462
14,9.433981132056603,10,2.3477115902938004
13,21.633307652783937,7,4.328201177351374
13,25.612496949731394,6,4.940384146112522
14,14.317821063276353,6,3.0454030090394792
10,19.1049731745428,6,4.82099463490856
14,27.65863337187866,4,5.951233338839809
14,22.825424421026653,4,5.260774917289522
14,14.142135623730951,4,4.020305089104422
8,16.492422502470642,3,7.123105625617661
14,5.0990195135927845,1,10.72843135908468
0,29.0,3,8.8
12,4.123105625617661,3,3.6871842709362768
11,13.601470508735444,3,5.472994637951899
12,27.459060435491963,2,9.576510072581993
12,16.0,10,3.6666666666666665
12,26.570660511172846,10,5.428443418528808
10,13.038404810405298,7,3.6076809620810595
10,16.492422502470642,6,4.298484500494128
12,16.0,2,7.666666666666666
12,27.85677655436824,2,9.642796092394708
7,20.615528128088304,2,10.890150893739516
13,13.0,9,3.0
13,30.479501308256342,6,5.6891540474240525
8,24.041630560342615,5,8.010407640085653
13,23.600847442411894,3,6.630899606524906
13,27.80287754891569,2,9.277365776756259
13,29.546573405388315,2,9.545626677752049
13,17.26267650163207,2,7.655796384866472
6,13.92838827718412,2,9.642796092394708
11,31.144823004794873,10,6.662695091780886
11,4.0,9,1.7272727272727273
13,27.313000567495326,8,5.202000087306973
13,11.0,7,2.6923076923076925
9,24.166091947189145,6,6.370242654930921
13,13.0,4,4.0
11,14.317821063276353,2,7.603240193322973
11,20.615528128088304,1,13.7482778414706
8,36.235341863986875,1,19.05883546599672
14,22.02271554554524,10,4.1461022207921765
9,13.45362404707371,10,3.9896942326830467
11,21.37755832643195,10,4.88682878662399
14,28.844410203711913,8,5.120630029101702
11,31.304951684997057,7,6.691809397272192
14,30.479501308256342,7,5.3542144726080485
11,21.213203435596427,4,5.85694607919935
7,32.64965543462902,4,11.328472981322577
14,6.4031242374328485,2,5.914732033918979
11,19.1049731745428,1,13.473631486280508
13,26.68332812825267,9,5.105127404346565
14,32.802438933713454,3,7.686062704816208
8,20.615528128088304,9,6.153882032022076
10,3.1622776601683795,9,1.632455532033676
10,4.123105625617661,8,5.28169778228074
14,15.524174696260024,8,3.217739242322861
13,2.23606797749979,8,1.3440104580768908
9,19.0,7,5.222222222222222
13,22.135943621178654,6,4.40552978787364
14,23.769728648009426,4,5.395675521144204
14,14.7648230602334,4,4.1092604371762
13,13.0,4,4.0
10,15.033296378372908,4,5.006659275674582
9,1.0,4,2.2222222222222223
8,30.0,2,12.5
14,27.073972741361768,2,8.86771039162311
13,28.30194339616981,2,9.35414513787228
10,12.083045973594572,1,12.416609194718914
9,39.59797974644666,1,18.799551054765924
8,8.48528137423857,1,12.121320343559642
12,36.87817782917155,10,7.146362971528592
11,17.0,8,4.090909090909091
14,21.37755832643195,7,4.053936903775993
12,20.248456731316587,7,4.374742788552764
14,20.12461179749811,7,3.8749445424997297
11,33.94112549695428,6,7.17111372671896
11,26.248809496813376,10,5.772510817602432
14,17.08800749063506,6,3.44114392723358
14,17.0,9,3.4285714285714284
12,21.095023109728988,6,4.515837184954831
14,26.076809620810597,9,4.7252585172586565
14,16.64331697709324,5,4.37761671101332
12,9.433981132056603,8,2.5723301886761005
12,3.1622776601683795,7,1.52704627669473
11,25.179356624028344,6,5.578064840732426
14,29.698484809834994,6,5.242640687119285
14,14.560219778561036,6,3.080031396937291
12,8.54400374531753,5,3.4240006242195884
12,13.45362404707371,4,4.242270674512286
8,29.5296461204668,4,9.3824115301167
14,24.839484696748443,4,5.548497813821206
14,14.317821063276353,4,4.045403009039479
12,19.026297590440446,3,6.171049598406741
12,18.35755975068582,3,6.0595932917809705
11,32.202484376209235,3,8.85499715931077
11,25.0,3,7.545454545454546
14,31.89043743820395,3,7.555776776886279
14,24.08318915758459,2,8.440455593940655
11,11.045361017187261,2,7.008247457670411
12,27.018512172212592,2,9.503085362035431
13,20.396078054371138,10,4.137858162210945
14,22.47220505424423,9,4.210315007749176
13,28.460498941515414,8,5.3785382986946795
13,13.892443989449804,8,3.13729907529997
8,27.018512172212592,10,7.754628043053148
13,24.08318915758459,8,4.705106024243783
14,35.35533905932738,7,6.050762722761054
11,30.083217912982647,7,6.4696759841786635
10,19.697715603592208,10,4.939543120718442
13,36.235341863986875,6,6.574667979074904
14,28.0178514522438,6,5.0025502074634
13,30.4138126514911,5,6.6790481002294
13,17.0,5,4.615384615384615
13,30.610455730027933,5,6.709300881542759
11,6.4031242374328485,4,3.1642044068059727
10,39.59797974644666,4,9.919595949289333
14,27.073972741361768,4,5.86771039162311
13,26.1725046566048,3,7.0265391779392
13,16.76305461424021,3,5.578931479113878
11,26.019223662515376,2,9.73076793863916
14,19.849433241279208,2,7.835633320182744
13,24.413111231467404,1,13.7558632663796
13,9.0,1,11.384615384615385
13,1.4142135623730951,1,10.217571317288169
11,38.2099463490856,1,16.947262972561017
6,1.4142135623730951,10,1.4714045207910318
11,29.832867780352597,6,6.4241577782459265
13,25.238858928247925,6,4.882901373576604
9,24.758836806279895,6,6.501963734728865
8,28.635642126552707,6,8.158910531638178
13,38.2099463490856,6,6.878453284474707
11,9.433981132056603,5,3.7152692967375645
10,24.166091947189145,5,6.833218389437829
11,7.0710678118654755,5,3.28564869306645
8,23.194827009486403,3,8.7987067523716
13,4.0,2,5.615384615384615
6,8.06225774829855,8,3.6874192494328497
6,21.633307652783937,7,8.21110255092798
6,29.966648127543394,3,12.988882709181132
11,20.024984394500787,10,4.640906253545598
11,20.223748416156685,5,5.677045166573943
14,30.528675044947494,9,5.361239292135356
10,27.85677655436824,7,6.571355310873647
14,23.08679276123039,2,8.298113251604342
14,11.661903789690601,2,6.665986255670086
11,23.021728866442675,7,5.185768884807759
9,27.459060435491963,3,9.102013430109325
10,10.816653826391969,8,3.1633307652783937
10,24.758836806279895,4,6.951767361255979
14,17.029386365926403,10,3.432769480846629
9,7.615773105863909,10,2.692394023525313
14,1.4142135623730951,9,1.2020305089104422
14,29.732137494637012,9,5.247448213519573
11,26.90724809414742,9,5.892226926208622
14,15.0,6,3.142857142857143
14,14.422205101855956,5,4.06031501455085
11,25.612496949731394,4,6.65681762722389
11,22.360679774997898,2,9.065578140908709
9,27.459060435491963,2,11.102013430109325
14,8.06225774829855,2,6.151751106899793
14,11.704699910719626,9,2.6720999872456606
14,25.495097567963924,8,4.642156795423418
12,17.46424919657298,7,3.91070819942883
14,9.899494936611665,7,2.414213562373095
8,25.632011235952593,6,7.408002808988148
11,27.294688127912362,5,6.962670568711339
14,5.0990195135927845,4,2.7284313590846834
14,14.866068747318506,4,4.123724106759786
9,26.419689627245813,3,8.871042139387958
14,18.439088914585774,1,12.634155559226539
8,22.825424421026653,1,15.706356105256663
14,32.55764119219941,1,14.65109159888563
14,28.0,10,5.0
14,9.055385138137417,4,3.2936264483053455
14,21.840329667841555,9,4.120047095405937
13,30.01666203960727,9,5.617948006093426
8,23.021728866442675,5,7.755432216610669
14,30.886890422961002,5,6.412412917565858
14,16.0312195418814,4,4.290174220268771
14,21.095023109728988,4,5.0135747299612845
12,6.082762530298219,3,4.013793755049703
13,6.324555320336759,3,3.97300851082104
14,8.06225774829855,2,6.151751106899793
14,27.018512172212592,2,8.859787453173228
14,30.870698080866262,1,14.410099725838037
11,35.4682957019364,9,7.448781036715709
12,31.89043743820395,8,6.315072906367325
10,28.0178514522438,8,6.60357029044876
9,5.0990195135927845,8,2.1331154474650633
6,19.235384061671343,7,7.411794687223781
7,30.463092423455635,7,9.703740692415895
6,37.48332962798263,6,13.494443209327542
6,31.906112267087632,6,11.635370755695877
12,32.01562118716424,4,7.3359368645273735
11,15.297058540778355,4,4.78128337105061
12,31.304951684997057,3,8.21749194749951
11,22.02271554554524,2,9.004130099190043
10,29.120439557122072,1,15.824087911424414
9,9.848857801796104,1,12.188635067065801
12,28.0178514522438,9,5.6696419087073
12,5.0990195135927845,7,1.8498365855987973
11,8.06225774829855,8,2.4658650451451907
10,24.515301344262525,7,5.903060268852505
12,14.866068747318506,8,3.4776781245530843
12,7.0710678118654755,6,2.1785113019775793
11,27.65863337187866,5,7.028842431250665
12,12.529964086141668,4,4.088327347690278
8,19.313207915827967,3,7.828301978956992
12,18.110770276274835,3,6.018461712712472
12,30.463092423455635,3,8.07718207057594
12,11.40175425099138,3,4.90029237516523
12,10.816653826391969,1,11.802775637731994
11,6.0,1,11.09090909090909
11,19.4164878389476,1,13.53027051617229
13,13.601470508735444,10,3.0925339244208376
14,19.1049731745428,2,7.729281882077543
13,24.020824298928627,10,4.695511430604404
12,26.0,10,5.333333333333333
13,23.021728866442675,9,4.54180444099118
9,27.80287754891569,9,7.178417233092375
9,33.94112549695428,8,8.542472332656505
13,18.973665961010276,7,3.9190255324631194
7,30.463092423455635,6,9.703740692415895
14,8.06225774829855,6,2.151751106899793
14,23.259406699226016,5,5.322772385603717
13,36.87817782917155,4,7.673565819872546
13,16.278820596099706,4,4.504433937861493
12,35.38361202590826,2,10.897268670984712
8,24.08318915758459,2,11.020797289396148
10,17.029386365926403,1,13.40587727318528
13,17.46424919657298,10,3.6868075687035353
12,8.602325267042627,8,2.433720877840438
13,28.160255680657446,9,5.332347027793453
10,19.209372712298546,9,4.841874542459709
10,17.72004514666935,8,4.5440090293338695
13,5.830951894845301,9,1.8970695222838925
12,5.830951894845301,7,1.9718253158075503
13,28.42534080710379,6,5.373129354939045
13,29.0,6,5.461538461538462
12,28.319604517012593,6,5.719934086168766
13,22.47220505424423,5,5.457262316037574
13,29.410882339705484,5,6.524751129185459
12,16.0312195418814,3,5.6718699236469
10,17.029386365926403,3,6.405877273185281
10,30.805843601498726,2,11.161168720299745
7,21.840329667841555,1,16.240094190811874
13,15.620499351813308,1,12.403153746432817
14,21.02379604162864,10,4.003399434518377
8,4.0,10,2.0
13,18.24828759089466,10,3.80742886013764
10,28.231188426986208,9,6.646237685397241
12,19.209372712298546,8,4.201562118716424
14,14.866068747318506,8,3.1237241067597865
13,24.08318915758459,8,4.705106024243783
8,25.0,8,7.25
7,26.627053911388696,7,8.607729688968199
14,30.083217912982647,6,5.297602558997521
14,10.0,6,2.428571428571429
13,12.806248474865697,5,3.970192073056261
12,23.706539182259394,3,6.9510898637099
14,18.601075237738275,3,5.657296462534039
7,28.160255680657446,2,13.0457873373307
10,36.796738985948195,2,12.359347797189638
13,31.304951684997057,1,14.81614641307647
7,20.09975124224178,1,15.742786069211938
11,10.295630140987,9,2.8719327529067273
14,19.026297590440446,8,3.718042512920064
13,24.351591323771842,9,4.746398665195668
12,18.027756377319946,8,4.004626062886658
11,1.0,8,1.1818181818181819
9,19.1049731745428,7,5.245549594342844
14,14.7648230602334,7,3.1092604371762
12,19.924858845171276,8,4.320809807528546
10,30.4138126514911,6,7.08276253029822
8,26.076809620810597,6,7.519202405202649
14,21.095023109728988,5,5.0135747299612845
13,35.4682957019364,5,7.456660877220984
12,3.1622776601683795,4,2.5270462766947297
12,25.019992006393608,3,7.169998667732268
7,25.495097567963924,2,12.284313590846835
7,32.802438933713454,2,14.372125409632416
14,21.095023109728988,2,8.013574729961285
12,17.46424919657298,1,12.91070819942883
11,7.211102550927978,1,11.311109554714179
14,33.60059523282288,10,5.8000850332604115
13,8.246211251235321,1,11.268647884805434
13,28.0,9,5.3076923076923075
14,29.068883707497267,9,5.15269767249961
11,2.8284271247461903,10,1.51425947722658
11,18.027756377319946,8,4.277773886785445
14,17.4928556845359,8,3.498979383505129
9,25.45584412271571,7,6.65685424949238
13,27.784887978899608,10,5.27459815059994
14,17.69180601295413,7,3.5274008589934476
14,29.698484809834994,7,5.242640687119285
14,20.248456731316587,5,4.89263667590237
13,26.1725046566048,5,6.0265391779392
13,20.248456731316587,4,5.115147189433321
9,29.546573405388315,4,8.565905201197403
11,8.94427190999916,4,3.6262312563634835
14,14.212670403551895,3,5.0303814862217
14,15.033296378372908,3,5.147613768338987
11,29.966648127543394,3,8.448481477735163
13,23.323807579381203,2,8.58827808913557
12,3.605551275463989,10,1.6009252125773314
12,9.055385138137417,7,2.509230856356236
12,6.0,7,2.0
13,31.89043743820395,6,5.906221144339069
11,16.0,5,4.909090909090909
13,28.160255680657446,4,6.332347027793453
10,22.135943621178654,3,7.427188724235731
10,36.069377593742864,1,17.213875518748573
10,25.079872407968907,1,15.015974481593782
14,21.37755832643195,10,4.053936903775993
11,25.495097567963924,10,5.63547228508435
14,37.53664875824692,7,6.362378394035274
14,14.866068747318506,4,4.123724106759786
13,28.442925306655784,3,7.375834662562428
11,36.124783736376884,3,9.56814249752307
11,8.94427190999916,1,11.626231256363484
10,15.620499351813308,1,13.124099870362661
14,24.041630560342615,9,4.434518651477516
14,34.713109915419565,7,5.959015702202795
14,7.0710678118654755,6,2.010152544552211
11,22.135943621178654,4,6.024717022032482
11,27.0,3,7.909090909090909
14,14.560219778561036,2,7.080031396937291
11,17.029386365926403,1,13.096252066532074
13,31.400636936215164,9,5.830867220956179
14,22.360679774997898,7,4.1943828249997
13,33.94112549695428,6,6.2217116149160425
14,27.018512172212592,4,5.859787453173228
13,23.08679276123039,4,5.551814270958522
10,25.96150997149434,4,7.192301994298868
14,25.238858928247925,4,5.60555127546399
14,6.082762530298219,4,2.8689660757568882
13,26.419689627245813,3,7.064567634960894
14,28.42534080710379,3,7.060762972443398
11,13.341664064126334,5,4.425757102568424
11,36.235341863986875,9,7.588243975270341
13,31.76476034853718,6,5.886886207467258
12,33.28663395418648,9,6.547772325697746
12,30.528675044947494,7,6.088112507491249
6,26.019223662515376,4,10.673074554171793
9,17.88854381999832,10,4.975231959999626
9,14.035668847618199,9,4.119037521692933
11,6.4031242374328485,9,2.1642044068059727
11,16.0312195418814,1,12.914767189432983
14,22.825424421026653,5,5.260774917289522
14,30.4138126514911,3,7.344830378784443
11,34.058772731852805,3,9.192504133064148
13,21.213203435596427,1,13.263569759322527
14,31.906112267087632,1,14.558016038155376
12,16.1245154965971,8,3.6874192494328497
8,2.23606797749979,8,1.5590169943749475
11,29.410882339705484,8,6.347433152673724
12,22.20360331117452,7,4.70060055186242
11,11.704699910719626,7,3.1281272564944773
12,26.68332812825267,4,6.447221354708778
14,3.1622776601683795,9,1.4517539514526256
11,33.301651610693426,9,7.054845747398804
14,33.28663395418648,8,5.75523342202664
14,28.160255680657446,6,5.02289366866535
11,25.45584412271571,5,6.6283352950392205
14,26.92582403567252,5,5.84654629081036
11,22.02271554554524,3,7.004130099190044
13,26.40075756488817,10,5.061655009982795
10,11.40175425099138,10,3.2803508501982757
12,7.615773105863909,9,2.269295517643985
13,17.46424919657298,8,3.6868075687035353
12,8.06225774829855,8,2.343709624716425
13,22.20360331117452,7,4.4159389709499255
9,22.02271554554524,4,6.893936787898942
12,19.72308292331602,1,13.287180487219336
13,13.341664064126334,10,3.0525637021732823
10,33.60059523282288,8,7.720119046564577
13,23.345235059857504,7,4.591574624593463
10,19.4164878389476,7,4.88329756778952
13,29.410882339705484,5,6.524751129185459
13,5.830951894845301,5,2.8970695222838927
10,28.653097563788805,3,8.73061951275776
13,27.294688127912362,3,7.199182788909594
13,27.073972741361768,1,14.165226575594119
14,22.825424421026653,10,4.260774917289522
10,25.709920264364882,10,6.141984052872976
7,23.600847442411894,10,7.743099269260541
14,11.180339887498949,9,2.59719141249985
10,33.301651610693426,8,7.660330322138686
14,37.48332962798263,8,6.354761375426089
10,25.059928172283335,7,6.011985634456667
7,24.73863375370596,5,9.068181072487418
14,27.202941017470888,3,6.886134431067269
10,26.92582403567252,3,8.385164807134505
12,26.248809496813376,10,5.374801582802229
10,20.0,3,7.0
10,18.027756377319946,10,4.60555127546399
7,27.018512172212592,9,8.719574906346455
6,5.656854249492381,10,2.885618083164127
12,24.839484696748443,8,5.13991411612474
10,10.04987562112089,8,3.009975124224178
10,22.847319317591726,8,5.5694638635183455
7,24.698178070456937,7,8.05662230584484
10,27.85677655436824,6,6.571355310873647
12,32.2490309931942,6,6.374838498865699
10,17.804493814764857,6,4.560898762952972
10,12.041594578792296,5,4.408318915758459
7,6.708203932499369,3,4.91662969499982
6,7.0710678118654755,3,5.3570226039551585
12,19.924858845171276,2,8.320809807528546
10,21.95449840010015,2,9.39089968002003
10,29.068883707497267,2,10.813776741499453
7,29.732137494637012,1,18.494896427039144
6,24.186773244895647,1,18.06225774829855
11,27.586228448267445,10,6.01567789968499
12,7.0710678118654755,3,4.178511301977579
9,23.769728648009426,10,6.282161921779872
14,28.792360097775937,8,5.113194299682276
12,14.035668847618199,9,3.3392781412696997
10,29.410882339705484,8,6.882176467941097
12,22.20360331117452,7,4.70060055186242
12,34.40930106817051,10,6.734883511361751
8,25.179356624028344,7,7.294839156007086
14,3.1622776601683795,7,1.4517539514526256
14,20.808652046684813,9,3.9726645780978305
12,17.0,7,3.8333333333333335
12,2.23606797749979,7,1.372677996249965
8,27.51363298439521,7,7.878408246098802
12,8.602325267042627,6,2.433720877840438
14,26.40075756488817,6,4.771536794984025
12,14.317821063276353,5,4.386303510546059
12,10.0,5,3.666666666666667
12,28.42534080710379,4,6.737556801183965
11,36.235341863986875,4,8.588243975270341
14,26.1725046566048,4,5.738929236657828
12,19.026297590440446,2,8.171049598406741
12,13.0,1,12.166666666666666
12,18.24828759089466,1,13.04138126514911
11,32.449961479175904,1,15.8999929962138
13,25.709920264364882,10,4.955372348363828
14,26.68332812825267,8,4.81190401832181
10,26.627053911388696,10,6.325410782277739
10,20.09975124224178,8,5.019950248448356
9,34.655446902326915,10,8.701210422739315
13,24.08318915758459,9,4.705106024243783
14,20.615528128088304,10,3.9450754468697578
8,29.154759474226502,7,8.288689868556625
11,17.029386365926403,6,4.096252066532074
6,28.635642126552707,6,10.545214042184236
14,10.770329614269007,5,3.538618516324144
13,22.135943621178654,5,5.40552978787364
11,27.16615541441225,4,6.9393009844385904
10,23.430749027719962,3,7.686149805543993
14,1.4142135623730951,3,3.2020305089104424
10,25.079872407968907,3,8.015974481593782
7,30.870698080866262,2,13.820199451676075
13,16.0,2,7.461538461538462
14,17.029386365926403,1,12.432769480846629
9,22.02271554554524,1,14.89393678789894
13,26.90724809414742,1,14.139576629868834
12,9.055385138137417,10,2.509230856356236
13,33.015148038438355,1,15.079253544375131
11,15.556349186104045,10,3.82842712474619
11,26.627053911388696,8,5.841282529343399
11,21.18962010041709,8,4.852658200075835
8,25.45584412271571,9,7.363961030678928
12,19.235384061671343,7,4.205897343611891
11,13.892443989449804,7,3.525898907172692
8,7.615773105863909,6,2.903943276465977
11,28.861739379323623,7,6.2475889780588405
13,8.06225774829855,10,2.2403473458920846
12,21.18962010041709,6,4.531603350069515
11,36.124783736376884,6,7.56814249752307
13,5.0,5,2.769230769230769
7,21.93171219946131,5,8.266203485560375
11,24.020824298928627,5,6.367422599805205
13,24.20743687382041,5,5.724221057510832
12,17.029386365926403,5,4.838231060987734
11,21.93171219946131,3,6.987584036265693
6,23.40939982143925,2,12.803133273813085
13,33.015148038438355,1,15.079253544375131
12,26.870057685088806,1,14.4783429475148
13,29.698484809834994,9,5.568997663051538
13,18.867962264113206,3,5.902763425248185
11,25.495097567963924,8,5.63547228508435
14,28.861739379323623,10,5.123105625617661
11,21.540659228538015,9,4.916483496097821
8,11.661903789690601,8,3.9154759474226504
13,9.0,8,2.3846153846153846
13,24.020824298928627,8,4.695511430604404
11,21.95449840010015,6,4.991726981836391
14,5.0,10,1.7142857142857144
14,25.298221281347036,10,4.614031611621005
13,26.0,6,5.0
13,24.515301344262525,6,4.771584822194235
11,1.0,5,2.1818181818181817
7,14.317821063276353,5,6.0908060180789585
14,30.01666203960727,4,6.288094577086753
11,21.095023109728988,3,6.835458747223452
13,34.058772731852805,3,8.239811189515816
13,17.26267650163207,3,5.655796384866472
11,21.095023109728988,2,8.835458747223452
14,28.0178514522438,2,9.0025502074634
13,18.601075237738275,1,12.861703882728966
13,24.839484696748443,1,13.821459184115145
13,27.459060435491963,10,5.224470836229533
12,15.033296378372908,8,3.5055493963954847
10,17.029386365926403,10,4.405877273185281
12,35.608987629529715,8,6.934831271588286
12,31.400636936215164,9,6.233439489369194
10,13.601470508735444,8,3.720294101747089
9,33.60059523282288,8,8.466798940627307
13,18.439088914585774,8,3.836782909936273
12,4.123105625617661,7,1.6871842709362768
7,29.698484809834994,8,9.48528137423857
13,27.892651361962706,10,5.291177132609647
12,34.655446902326915,7,6.7759078170544855
12,16.278820596099706,8,3.7131367660166177
12,14.142135623730951,7,3.3570226039551585
10,21.540659228538015,7,5.308131845707603
10,6.082762530298219,7,2.216552506059644
13,24.041630560342615,6,4.698712393898864
12,34.058772731852805,6,6.676462121975468
12,22.80350850198276,5,5.80058475033046
12,37.53664875824692,4,8.256108126374485
13,7.615773105863909,4,3.1716574009021397
12,4.123105625617661,4,2.6871842709362768
12,16.278820596099706,4,4.713136766016618
12,19.6468827043885,3,6.274480450731417
13,23.600847442411894,3,6.630899606524906
12,32.2490309931942,2,10.3748384988657
10,11.0,2,7.2
12,10.295630140987,2,6.715938356831167
10,9.055385138137417,1,11.811077027627483
9,26.627053911388696,1,15.917123091419711
11,17.029386365926403,10,4.096252066532074
11,25.495097567963924,3,7.63547228508435
13,21.37755832643195,10,4.288855127143377
11,28.635642126552707,8,6.206480386645946
14,16.0312195418814,8,3.290174220268771
11,14.317821063276353,8,3.603240193322973
8,23.259406699226016,9,6.814851674806504
13,31.064449134018133,10,5.779146020618175
14,38.2099463490856,7,6.458563764155086
11,26.92582403567252,8,5.8956043701222764
14,20.12461179749811,10,3.8749445424997297
13,15.0,6,3.3076923076923075
11,19.6468827043885,10,4.572160491707
7,27.202941017470888,6,8.772268862134538
8,16.1245154965971,6,5.031128874149275
14,13.892443989449804,5,3.9846348556356865
9,32.449961479175904,5,9.21110255092798
13,11.045361017187261,4,3.6992863103365017
11,19.4164878389476,4,5.5302705161722905
11,27.892651361962706,3,8.071391156720491
14,24.596747752497688,2,8.51382110749967
13,29.732137494637012,2,9.574174999174925
11,30.4138126514911,2,10.529784118452927
11,12.806248474865697,2,7.328408813611945
13,23.345235059857504,10,4.591574624593463
12,30.805843601498726,10,6.134307266916454
14,12.806248474865697,10,2.829464067837957
10,23.769728648009426,7,5.753945729601885
10,27.16615541441225,7,6.4332310828824495
14,20.024984394500787,6,3.8607120563572552
13,36.87817782917155,9,6.673565819872546
6,23.021728866442675,6,8.673909622147558
12,25.019992006393608,9,5.169998667732268
14,11.180339887498949,5,3.59719141249985
14,18.027756377319946,10,3.575393768188564
13,12.206555615733702,5,3.8779316331898004
12,12.206555615733702,8,3.034425935955617
10,22.561028345356956,5,6.512205669071391
14,28.319604517012593,5,6.0456577881446565
13,16.15549442140351,5,4.485460680215924
12,23.345235059857504,4,5.890872509976251
8,28.42534080710379,3,10.106335201775948
10,23.021728866442675,3,7.604345773288535
5,11.180339887498949,3,7.47213595499958
14,20.615528128088304,3,5.945075446869758
13,21.93171219946131,3,6.374109569147894
12,10.44030650891055,2,6.740051084818425
10,9.899494936611665,2,6.979898987322333
10,15.811388300841896,1,13.162277660168378
14,26.419689627245813,10,4.77424137532083
14,24.041630560342615,8,4.434518651477516
12,19.849433241279208,6,4.308238873546534
12,13.45362404707371,3,5.242270674512286
14,32.55764119219941,2,9.65109159888563
14,28.0178514522438,1,14.0025502074634
9,26.1725046566048,1,15.816112145912179
14,18.027756377319946,7,3.575393768188564
9,16.55294535724685,7,4.67843230161041
13,30.4138126514911,6,5.6790481002294
14,35.4682957019364,5,7.066899385990914
14,25.0,4,5.571428571428571
9,26.419689627245813,3,8.871042139387958
13,20.0,2,8.076923076923077
14,12.083045973594572,1,11.726149424799225
14,10.770329614269007,10,2.538618516324144
12,16.64331697709324,9,3.773886162848873
10,34.20526275297414,8,7.841052550594829
14,15.620499351813308,8,3.231499907401901
14,33.015148038438355,8,5.716449719776908
12,35.38361202590826,5,7.897268670984711
10,21.93171219946131,3,7.386342439892262
14,28.42534080710379,2,9.0607629724434
12,12.0,1,12.0
14,11.40175425099138,8,2.6288220358559116
14,36.796738985948195,4,7.256676997992599
12,27.294688127912362,3,7.549114687985393
14,27.16615541441225,3,6.8808793449160355
14,16.64331697709324,2,7.37761671101332
14,20.09975124224178,1,12.871393034605969
12,13.038404810405298,7,3.173067468400883
13,21.95449840010015,6,4.377615138476946
12,28.792360097775937,3,7.7987266829626565
13,19.209372712298546,2,7.955288109584392
12,22.360679774997898,7,4.72677996249965
13,33.24154027718932,4,7.114083119567588
12,28.319604517012593,2,9.719934086168767
12,30.886890422961002,1,15.1478150704935
13,18.439088914585774,1,12.836782909936273
11,13.892443989449804,9,3.525898907172692
8,17.029386365926403,9,5.257346591481601
12,33.421549934136806,9,6.570258322356135
10,35.608987629529715,8,8.121797525905944
10,24.186773244895647,8,5.8373546489791295
12,20.248456731316587,8,4.374742788552764
11,24.73863375370596,8,5.497933409764721
12,21.633307652783937,7,4.60555127546399
11,3.1622776601683795,6,1.5749595745760692
11,10.295630140987,2,6.871932752906727
10,12.083045973594572,10,3.4166091947189146
14,32.64965543462902,9,5.664236490661288
14,13.92838827718412,8,2.9897697538834453
12,30.528675044947494,7,6.088112507491249
11,27.16615541441225,7,5.9393009844385904
14,8.06225774829855,5,3.151751106899793
14,29.698484809834994,5,6.242640687119285
14,11.180339887498949,5,3.59719141249985
14,8.94427190999916,3,4.27775312999988
14,29.732137494637012,2,9.247448213519572
12,12.041594578792296,1,12.006932429798717
14,27.313000567495326,1,13.901857223927903
13,28.0,8,5.3076923076923075
13,23.706539182259394,7,4.647159874193753
13,26.0,6,5.0
9,28.653097563788805,5,8.36735501417529
13,14.142135623730951,5,4.175713172881685
13,15.0,4,4.3076923076923075
13,2.23606797749979,2,5.344010458076891
13,9.486832980505138,2,6.45951276623156
10,35.608987629529715,1,17.121797525905944
9,23.259406699226016,1,15.168757044272448
13,26.68332812825267,1,14.105127404346565
9,29.120439557122072,9,7.471208790471572
12,23.259406699226016,8,4.876567783204337
8,26.0,7,7.5
9,12.083045973594572,7,3.6851213274654606
12,20.223748416156685,6,4.370624736026114
7,28.861739379323623,5,10.246211251235321
9,21.095023109728988,5,6.687782913273108
12,10.295630140987,4,3.715938356831167
9,1.0,3,3.2222222222222223
12,16.97056274847714,2,7.82842712474619
9,16.64331697709324,2,8.698514883798497
12,18.24828759089466,2,8.04138126514911
9,22.0,1,14.88888888888889
13,30.886890422961002,10,5.751829295840154
13,24.186773244895647,9,4.721042037676254
9,12.36931687685298,8,3.748737083745107
13,26.92582403567252,8,5.142434467026542
13,14.422205101855956,6,3.2188007849009166
13,14.317821063276353,5,4.202741702042516
9,27.65863337187866,5,8.146362971528593
13,30.4138126514911,5,6.6790481002294
13,1.4142135623730951,5,2.2175713172881686
9,28.0178514522438,3,9.226189211609732
13,22.825424421026653,3,6.511603757081024
13,26.019223662515376,2,9.002957486540828
13,7.615773105863909,2,6.17165740090214
9,5.385164807134504,1,11.196703290474334
7,6.324555320336759,10,2.8070158058105026
10,25.709920264364882,2,10.141984052872976
7,33.421549934136806,10,10.549014266896231
8,31.827660925679098,9,8.956915231419774
7,24.351591323771842,7,7.957597521077669
7,13.152946437965905,6,4.757984696561687
6,28.178005607210743,6,10.392668535736915
10,12.206555615733702,5,4.441311123146741
8,31.400636936215164,5,9.850159234053791
7,27.202941017470888,3,10.772268862134538
7,13.92838827718412,3,6.979539507766891
7,15.132745950421556,3,7.323641700120445
10,16.15549442140351,3,6.231098884280702
7,19.026297590440446,3,8.436085025840129
10,25.238858928247925,1,15.047771785649585
14,34.828149534535996,10,5.975449933505142
11,17.46424919657298,10,4.175318035740542
14,23.0,9,4.285714285714286
14,19.4164878389476,9,3.7737839769925143
6,28.0178514522438,9,10.3392838174146
8,16.76305461424021,8,5.190763653560053
11,8.0,7,2.4545454545454546
14,21.95449840010015,7,4.136356914300022
14,30.610455730027933,6,5.372922247146848
14,13.341664064126334,5,3.905952009160905
11,10.770329614269007,4,3.9582417480489105
8,17.11724276862369,3,7.2793106921559225
14,33.24154027718932,3,7.7487914681699035
14,28.861739379323623,2,9.123105625617661
14,22.090722034374522,2,8.155817433482074
14,38.18376618407357,1,15.454823740581938
14,16.15549442140351,10,3.307927774486216
13,7.810249675906654,3,4.201576873216409
14,4.123105625617661,10,1.5890150893739516
11,30.083217912982647,8,6.4696759841786635
14,38.897300677553446,8,6.5567572396504925
14,31.38470965295043,7,5.48352995042149
13,29.410882339705484,7,5.524751129185459
14,4.123105625617661,6,1.5890150893739516
14,17.804493814764857,4,4.54349911639498
14,13.892443989449804,4,3.9846348556356865
9,28.071337695236398,4,8.238075043385866
13,7.810249675906654,3,4.201576873216409
11,26.40075756488817,3,7.800137739070577
14,24.413111231467404,2,8.487587318781058
14,16.0,2,7.285714285714286
14,15.033296378372908,1,12.147613768338987
13,17.0,1,12.615384615384615
12,11.40175425099138,9,2.90029237516523
14,16.492422502470642,1,12.356060357495807
12,21.633307652783937,9,4.60555127546399
9,23.021728866442675,9,6.115939748098373
12,5.0,9,1.8333333333333335
6,8.602325267042627,8,3.8674417556808756
12,20.0,6,4.333333333333334
14,36.76955262170047,8,6.252793231671496
12,20.223748416156685,6,4.370624736026114
12,32.7566787083184,6,6.459446451386399
7,30.886890422961002,5,10.824825835131715
8,17.46424919657298,4,6.366062299143245
9,10.0,4,4.222222222222222
12,13.892443989449804,3,5.315407331574967
14,14.866068747318506,3,5.123724106759786
12,8.06225774829855,3,4.343709624716425
12,3.1622776601683795,2,5.52704627669473
9,27.018512172212592,2,11.004113816047242
8,18.681541692269406,1,14.670385423067351
7,16.15549442140351,1,14.615855548972432
10,28.861739379323623,4,7.772347875864725
11,21.400934559032695,8,4.891079010733217
11,21.095023109728988,7,4.835458747223452
12,20.615528128088304,9,4.435921354681383
12,12.649110640673518,4,4.10818510677892
12,14.035668847618199,2,7.3392781412697
12,36.069377593742864,10,7.011562932290477
12,21.213203435596427,8,4.535533905932738
12,22.825424421026653,5,5.804237403504443
7,22.20360331117452,10,7.343886660335577
7,35.608987629529715,6,11.173996465579918
7,18.24828759089466,5,7.213796454541331
6,15.297058540778355,10,6.099019513592785
6,31.906112267087632,10,11.635370755695877
6,3.0,9,2.0
12,23.345235059857504,8,4.890872509976251
11,32.64965543462902,7,6.936300988114367
10,32.802438933713454,2,11.56048778674269
12,14.212670403551895,8,3.3687784005919825
12,10.44030650891055,4,3.7400510848184254
12,21.0,3,6.5
9,5.830951894845301,9,2.2957670877434
9,18.027756377319946,9,5.006168083848877
9,27.018512172212592,7,7.0041138160472425
9,27.730849247724095,5,8.162410943938688
13,32.64965543462902,9,6.023023913019849
9,29.206163733020468,7,7.490258607337882
13,27.0,6,5.153846153846154
13,32.802438933713454,4,7.046529066725147
13,21.470910553583888,2,8.303217008243674
12,27.313000567495326,10,5.552166761249221
12,29.068883707497267,9,5.844813951249544
12,20.615528128088304,9,4.435921354681383
12,5.0990195135927845,7,1.8498365855987973
12,34.40930106817051,6,6.734883511361751
14,13.45362404707371,9,2.9219462924391015
8,28.0178514522438,5,9.004462863060951
6,13.601470508735444,2,9.533823502911815
14,10.816653826391969,9,2.5452362609131383
12,20.024984394500787,4,5.337497399083464
14,30.528675044947494,3,7.361239292135356
14,18.867962264113206,8,3.6954231805876008
7,20.12461179749811,7,6.7498890849994595
14,12.083045973594572,5,3.7261494247992246
14,24.08318915758459,3,6.440455593940656
14,31.76476034853718,7,5.537822906933883
10,6.0,5,3.2
14,26.248809496813376,4,5.749829928116196
14,24.351591323771842,3,6.478798760538835
10,1.4142135623730951,3,3.282842712474619
10,25.495097567963924,10,6.0990195135927845
5,25.80697580112788,9,11.322790320451151
10,27.80287754891569,8,6.5605755097831375
10,27.892651361962706,7,6.578530272392541
6,33.94112549695428,6,12.31370849898476
10,32.2490309931942,2,11.44980619863884
12,11.704699910719626,6,2.9507833184532712
9,16.0312195418814,5,5.562493231529199
9,14.7648230602334,4,5.281071791162978
14,23.53720459187964,4,5.362457798839948
13,26.92582403567252,2,9.142434467026542
14,24.698178070456937,1,13.52831115292242
12,9.219544457292887,10,2.536590742882148
8,11.40175425099138,9,3.850438562747845
12,27.313000567495326,9,5.552166761249221
10,25.079872407968907,8,6.015974481593782
12,21.633307652783937,9,4.60555127546399
14,15.524174696260024,8,3.217739242322861
14,9.433981132056603,6,2.3477115902938004
12,13.601470508735444,6,3.266911751455907
14,13.892443989449804,2,6.9846348556356865
14,24.596747752497688,8,4.51382110749967
13,33.421549934136806,5,7.141776912944124
14,31.906112267087632,3,7.558016038155376
13,33.015148038438355,3,8.079253544375131
14,27.784887978899608,3,6.969269711271373
13,38.897300677553446,2,10.984200104238992
5,24.0,10,10.6
5,28.442925306655784,10,12.377170122662314
5,25.019992006393608,10,11.007996802557443
5,25.495097567963924,7,11.198039027185569
5,22.47220505424423,7,9.988882021697693
5,19.849433241279208,5,9.939773296511683
5,11.0,4,6.4
5,25.059928172283335,4,12.023971268913334
5,28.0,1,21.2
5,10.198039027185569,1,14.079215610874227
5,16.492422502470642,10,7.596969000988257
5,29.68164415931166,8,12.872657663724663
5,19.235384061671343,8,8.694153624668537
5,9.219544457292887,7,4.687817782917155
5,10.0,5,6.0
5,16.1245154965971,3,9.44980619863884
5,2.23606797749979,2,5.894427190999916
5,25.632011235952593,2,15.252804494381037
5,10.04987562112089,2,9.019950248448357
5,28.231188426986208,1,21.292475370794484
5,26.40075756488817,7,11.560303025955267
5,35.4682957019364,6,15.187318280774559
5,33.28663395418648,5,15.314653581674591
5,20.248456731316587,5,10.099382692526635
5,19.0,5,9.6
5,22.67156809750927,3,12.068627239003707
5,20.223748416156685,3,11.089499366462674
5,9.433981132056603,2,8.77359245282264
5,34.828149534535996,2,18.9312598138144
5,19.209372712298546,1,17.68374908491942
5,14.7648230602334,8,6.90592922409336
5,33.24154027718932,7,14.296616110875728
5,5.385164807134504,7,3.1540659228538015
5,15.033296378372908,6,7.013318551349164
5,37.53664875824692,5,17.014659503298766
5,16.0312195418814,5,8.41248781675256
5,18.601075237738275,3,10.44043009509531
5,32.64965543462902,3,16.059862173851606
5,31.304951684997057,2,17.521980673998822
5,8.06225774829855,1,13.22490309931942
5,31.76476034853718,8,13.705904139414873
5,26.248809496813376,7,11.49952379872535
5,10.0,5,6.0
5,27.018512172212592,4,12.807404868885037
5,19.4164878389476,1,17.76659513557904
5,15.0,8,7.0
5,27.65863337187866,8,12.063453348751464
5,24.351591323771842,6,10.740636529508738
5,29.154759474226502,4,13.661903789690601
5,31.906112267087632,1,22.762444906835054
5,25.96150997149434,10,11.384603988597735
5,20.518284528683193,10,9.207313811473277
5,17.46424919657298,9,7.985699678629191
5,28.231188426986208,9,12.292475370794483
5,19.026297590440446,4,9.610519036176179
5,17.204650534085253,9,7.881860213634101
5,6.082762530298219,4,4.433105012119288
5,21.18962010041709,3,11.475848040166836
5,32.55764119219941,2,18.023056476879766
5,29.120439557122072,1,21.648175822848827
6,15.231546211727817,10,6.077182070575939
6,16.492422502470642,10,6.497474167490214
6,6.4031242374328485,8,3.1343747458109497
6,24.186773244895647,7,9.06225774829855
6,29.068883707497267,6,10.689627902499089
6,20.024984394500787,5,8.674994798166928
6,20.024984394500787,2,11.674994798166928
6,21.633307652783937,2,12.21110255092798
6,6.324555320336759,2,7.10818510677892
6,28.635642126552707,1,19.545214042184234
6,8.0,9,3.6666666666666665
6,15.264337522473747,9,6.088112507491249
6,19.235384061671343,7,7.411794687223781
6,17.0,7,6.666666666666667
6,15.297058540778355,5,7.099019513592785
6,25.45584412271571,5,10.48528137423857
6,21.02379604162864,5,9.007932013876214
6,5.0990195135927845,4,3.6996731711975945
6,19.6468827043885,4,8.548960901462834
6,20.024984394500787,3,9.674994798166928
6,20.8806130178211,10,7.960204339273701
6,18.0,8,7.0
6,30.4138126514911,6,11.137937550497034
6,27.586228448267445,5,11.195409482755815
6,27.018512172212592,4,11.006170724070865
6,12.206555615733702,3,7.068851871911234
6,25.019992006393608,2,13.339997335464536
6,22.847319317591726,2,12.615773105863909
6,20.12461179749811,2,11.70820393249937
6,32.01562118716424,1,20.671873729054745
6,0.0,9,1.0
6,11.045361017187261,8,4.6817870057290865
6,21.470910553583888,8,8.156970184527964
6,32.2490309931942,7,11.749676997731399
6,29.120439557122072,7,10.706813185707357
6,22.02271554554524,5,9.340905181848413
6,32.01562118716424,4,12.671873729054747
6,15.652475842498529,4,7.21749194749951
6,8.06225774829855,2,7.68741924943285
6,14.035668847618199,1,14.6785562825394
6,20.615528128088304,9,7.871842709362768
6,17.204650534085253,8,6.734883511361751
6,6.082762530298219,8,3.0275875100994063
6,13.892443989449804,6,5.630814663149935
6,12.727922061357855,4,6.242640687119285
6,17.029386365926403,7,6.676462121975468
6,37.53664875824692,7,13.512216252748972
6,29.732137494637012,6,10.910712498212337
6,8.06225774829855,4,4.68741924943285
6,24.73863375370596,1,18.246211251235323
6,32.64965543462902,9,11.883218478209672
6,4.0,8,2.333333333333333
6,33.94112549695428,6,12.31370849898476
6,23.430749027719962,5,9.810249675906654
6,25.495097567963924,2,13.498365855987975
6,20.248456731316587,10,7.749485577105529
6,21.840329667841555,9,8.280109889280517
6,20.808652046684813,4,8.936217348894939
6,36.124783736376884,2,17.041594578792292
6,11.704699910719626,2,8.901566636906542
7,8.94427190999916,10,3.5555062599997598
7,18.35755975068582,10,6.2450170716245195
7,26.1725046566048,8,8.477858473315656
7,20.024984394500787,8,6.7214241127145105
7,8.602325267042627,8,3.457807219155036
7,11.180339887498949,6,4.1943828249997
7,24.08318915758459,6,7.880911187881312
7,34.713109915419565,4,11.91803140440559
7,22.02271554554524,4,8.292204441584353
7,13.038404810405298,1,13.725258517258656
7,10.63014581273465,10,4.037184517924185
7,19.209372712298546,10,6.48839220351387
7,17.88854381999832,9,6.1110125199995196
7,13.92838827718412,6,4.979539507766891
7,25.238858928247925,5,9.21110255092798
7,20.8806130178211,2,10.965889433663172
7,23.08679276123039,2,11.596226503208683
7,33.421549934136806,1,19.54901426689623
7,22.627416997969522,1,16.46497628513415
7,28.284271247461902,1,18.08122035641769
7,3.1622776601683795,9,1.9035079029052513
7,23.706539182259394,9,7.7732969092169695
7,11.40175425099138,8,4.257644071711823
7,10.198039027185569,6,3.913725436338734
7,25.0,6,8.142857142857142
7,36.069377593742864,6,11.305536455355105
7,29.120439557122072,4,10.320125587749164
7,20.518284528683193,4,7.862367008195198
7,28.30194339616981,2,13.086269541762803
7,28.0178514522438,1,18.0051004149268
7,33.24154027718932,10,10.497582936339807
7,25.059928172283335,9,8.15997947779524
7,32.7566787083184,8,10.359051059519542
7,18.384776310850235,8,6.252793231671496
7,14.142135623730951,8,5.040610178208843
7,23.853720883753127,8,7.815348823929464
7,1.4142135623730951,7,1.4040610178208843
7,16.401219466856727,6,5.686062704816208
7,16.0312195418814,5,6.580348440537542
7,31.622776601683793,1,19.03507902905251
7,20.223748416156685,10,6.778213833187624
7,29.068883707497267,8,9.30539534499922
7,24.08318915758459,8,7.880911187881312
7,23.194827009486403,2,11.627093431281828
7,30.870698080866262,1,18.820199451676075
7,32.2490309931942,8,10.214008855198342
7,16.64331697709324,8,5.75523342202664
7,24.041630560342615,7,7.869037302955033
7,29.120439557122072,1,18.320125587749164
7,28.284271247461902,1,18.08122035641769
7,28.178005607210743,9,9.050858744917354
7,5.0990195135927845,8,2.4568627181693667
7,28.653097563788805,5,10.186599303939659
7,16.492422502470642,2,9.712120714991613
7,13.601470508735444,1,13.88613443106727
7,23.021728866442675,9,7.577636818983621
7,24.698178070456937,9,8.05662230584484
7,13.416407864998739,5,5.83325938999964
7,25.317977802344327,5,9.233707943526952
7,35.0,4,12.0
8,26.0,9,7.5
8,16.76305461424021,8,5.190763653560053
8,23.706539182259394,8,6.926634795564849
8,20.248456731316587,8,6.062114182829147
8,10.295630140987,8,3.57390753524675
8,22.20360331117452,7,6.55090082779363
8,7.615773105863909,7,2.903943276465977
8,3.1622776601683795,5,2.790569415042095
8,28.160255680657446,4,9.04006392016436
8,27.459060435491963,3,9.86476510887299
8,26.0,10,7.5
8,16.15549442140351,9,5.038873605350878
8,2.8284271247461903,6,1.7071067811865475
8,20.591260281974,6,6.1478150704935
8,20.0,4,7.0
8,12.041594578792296,2,8.010398644698075
8,12.041594578792296,2,8.010398644698075
8,21.095023109728988,1,15.273755777432246
8,9.433981132056603,1,12.35849528301415
8,24.166091947189145,1,16.041522986797286
8,14.317821063276353,10,4.579455265819089
8,17.08800749063506,10,5.272001872658765
8,22.627416997969522,10,6.656854249492381
8,31.89043743820395,9,8.972609359550987
8,25.0,8,7.25
8,21.213203435596427,8,6.303300858899107
8,8.06225774829855,8,3.0155644370746373
8,8.0,7,3.0
8,12.206555615733702,5,5.0516389039334255
8,7.615773105863909,3,4.903943276465977
8,11.045361017187261,10,3.7613402542968153
8,23.021728866442675,9,6.755432216610669
8,26.68332812825267,7,7.670832032063167
8,8.94427190999916,5,4.23606797749979
8,21.587033144922902,4,7.3967582862307255
8,21.2602916254693,3,8.315072906367325
8,32.01562118716424,3,11.00390529679106
8,32.64965543462902,2,13.162413858657255
8,19.026297590440446,2,9.756574397610112
8,26.627053911388696,1,16.656763477847175
8,20.12461179749811,10,6.031152949374527
8,24.698178070456937,6,7.174544517614234
8,36.124783736376884,3,12.031195934094221
8,6.324555320336759,3,4.58113883008419
8,26.0,1,16.5
8,32.802438933713454,9,9.200609733428363
8,37.53664875824692,9,10.38416218956173
8,9.486832980505138,8,3.3717082451262845
8,15.652475842498529,8,4.913118960624632
8,4.123105625617661,2,6.030776406404415
8,28.0178514522438,9,8.004462863060951
8,23.769728648009426,7,6.942432162002357
8,32.2490309931942,4,10.06225774829855
8,26.570660511172846,4,8.642665127793212
8,26.1725046566048,3,9.5431261641512
8,23.706539182259394,6,6.926634795564849
8,27.65863337187866,5,8.914658342969666
8,11.40175425099138,4,4.850438562747845
8,23.706539182259394,4,7.926634795564849
8,23.08679276123039,2,10.771698190307598
9,17.029386365926403,7,4.784308081316978
9,27.85677655436824,7,7.190394789859608
9,25.019992006393608,7,6.559998223643024
9,28.160255680657446,6,7.257834595701655
9,23.021728866442675,5,7.115939748098373
9,26.90724809414742,5,7.979388465366093
9,18.973665961010276,5,6.216370213557839
9,15.0,4,5.333333333333334
9,13.038404810405298,4,4.897423291201177
9,23.0,2,10.11111111111111
9,14.035668847618199,9,4.119037521692933
9,20.12461179749811,9,5.47213595499958
9,35.608987629529715,9,8.913108362117715
9,31.144823004794873,9,7.921071778843305
9,29.732137494637012,8,7.607141665474892
9,32.64965543462902,6,8.255478985473115
9,26.90724809414742,6,6.979388465366093
9,29.068883707497267,6,7.459751934999392
9,31.827660925679098,1,17.0728135390398
9,25.45584412271571,1,15.65685424949238
9,24.758836806279895,10,6.501963734728865
9,36.796738985948195,9,9.177053107988488
9,23.600847442411894,8,6.2446327649804205
9,34.40930106817051,6,8.646511348482335
9,13.038404810405298,6,3.8974232912011773
9,27.459060435491963,6,7.102013430109325
9,34.058772731852805,4,9.568616162633957
9,1.4142135623730951,4,2.3142696805273544
9,22.825424421026653,2,10.072316538005923
9,21.213203435596427,2,9.714045207910317
9,19.697715603592208,9,5.377270134131602
9,23.600847442411894,8,6.2446327649804205
9,15.811388300841896,8,4.5136418446315325
9,15.811388300841896,8,4.5136418446315325
9,16.1245154965971,5,5.583225665910467
9,2.0,4,2.4444444444444446
9,24.413111231467404,4,7.4251358292149785
9,3.1622776601683795,2,5.702728368926307
9,21.02379604162864,2,9.671954675917476
9,6.708203932499369,2,6.49071198499986
9,4.123105625617661,10,1.9162456945817024
9,25.019992006393608,7,6.559998223643024
9,21.02379604162864,7,5.671954675917475
9,8.54400374531753,6,2.898667498959451
9,30.23243291566195,2,11.718318425702655
9,27.65863337187866,10,7.146362971528592
9,10.44030650891055,6,3.3200681130912333
9,21.633307652783937,4,6.8074017006186525
9,11.180339887498949,3,5.484519974999767
9,5.385164807134504,1,11.196703290474334
9,14.142135623730951,8,4.142696805273545
9,28.0178514522438,4,8.226189211609732
9,5.0,4,3.111111111111111
9,15.264337522473747,3,6.392075004994166
9,15.264337522473747,2,8.392075004994165
9,29.206163733020468,8,7.490258607337882
9,16.401219466856727,8,4.644715437079272
9,7.0710678118654755,6,2.5713484026367723
9,18.027756377319946,2,9.006168083848877
9,3.605551275463989,1,10.801233616769775
10,29.732137494637012,9,6.946427498927402
10,31.89043743820395,9,7.37808748764079
10,29.68164415931166,5,7.9363288318623315
10,21.0,5,6.2
10,33.60059523282288,3,9.720119046564577
10,23.769728648009426,2,9.753945729601885
10,12.36931687685298,1,12.473863375370597
10,28.844410203711913,1,15.768882040742383
10,11.40175425099138,1,12.280350850198275
10,38.2099463490856,1,17.64198926981712
10,16.492422502470642,10,4.298484500494128
10,31.827660925679098,8,7.3655321851358195
10,26.92582403567252,8,6.385164807134504
10,37.53664875824692,8,8.507329751649383
10,33.60059523282288,6,7.720119046564577
10,21.2602916254693,4,6.25205832509386
10,30.01666203960727,4,8.003332407921453
10,22.02271554554524,3,7.4045431091090474
10,15.0,3,6.0
10,25.0,2,10.0
10,33.97057550292606,10,7.794115100585212
10,26.570660511172846,9,6.314132102234569
10,28.319604517012593,8,6.663920903402518
10,25.079872407968907,5,7.015974481593782
10,16.0,5,5.2
10,3.1622776601683795,4,2.632455532033676
10,28.319604517012593,4,7.663920903402518
10,16.76305461424021,4,5.352610922848042
10,9.219544457292887,3,4.843908891458577
10,31.76476034853718,3,9.352952069707436
10,17.4928556845359,8,4.49857113690718
10,13.341664064126334,7,3.668332812825267
10,19.4164878389476,6,4.88329756778952
10,31.76476034853718,6,7.352952069707436
10,17.69180601295413,5,5.538361202590826
10,10.04987562112089,4,4.009975124224178
10,29.732137494637012,3,8.946427498927402
10,13.416407864998739,2,7.683281572999748
10,28.071337695236398,1,15.61426753904728
10,12.806248474865697,1,12.561249694973139
10,27.459060435491963,10,6.491812087098393
10,9.848857801796104,8,2.969771560359221
10,22.847319317591726,8,5.5694638635183455
10,28.071337695236398,8,6.61426753904728
10,22.847319317591726,6,5.5694638635183455
10,17.72004514666935,5,5.5440090293338695
10,26.92582403567252,5,7.385164807134504
10,33.28663395418648,1,16.657326790837296
10,23.853720883753127,1,14.770744176750625
10,23.259406699226016,10,5.651881339845203
10,32.202484376209235,9,7.4404968752418466
10,17.029386365926403,8,4.405877273185281
10,33.24154027718932,5,8.648308055437864
10,25.553864678361276,3,8.110772935672255
10,30.886890422961002,10,7.177378084592201
10,25.495097567963924,8,6.0990195135927845
10,25.019992006393608,8,6.0039984012787215
10,8.48528137423857,3,4.697056274847714
10,27.85677655436824,2,10.571355310873647
11,38.897300677553446,10,8.072236486827899
11,22.67156809750927,8,5.122103290456231
11,20.615528128088304,7,4.748277841470601
11,23.021728866442675,7,5.185768884807759
11,15.264337522473747,6,3.7753340949952268
11,9.0,5,3.6363636363636367
11,27.018512172212592,4,6.912456758584107
11,29.698484809834994,3,8.39972451087909
11,19.026297590440446,3,6.459326834625536
11,10.0,1,11.818181818181818
11,28.178005607210743,9,6.12327374676559
11,23.53720459187964,8,5.279491743978117
11,20.808652046684813,7,4.783391281215421
11,3.1622776601683795,7,1.5749595745760692
11,18.24828759089466,5,5.317870471071757
11,20.615528128088304,4,5.748277841470601
11,28.442925306655784,3,8.171440964846507
11,21.095023109728988,3,6.835458747223452
11,18.027756377319946,2,8.277773886785445
11,29.732137494637012,1,15.405843180843092
11,12.649110640673518,8,3.299838298304276
11,21.02379604162864,7,4.822508371205207
11,3.605551275463989,5,2.655554777357089
11,20.09975124224178,4,5.654500225862142
11,8.06225774829855,3,4.465865045145191
11,25.079872407968907,3,7.559976801448892
11,28.0178514522438,2,10.094154809498873
11,37.48332962798263,1,16.815150841451388
11,28.0178514522438,1,15.094154809498873
11,8.602325267042627,1,11.564059139462296
11,21.840329667841555,10,4.970969030516646
11,34.40930106817051,9,7.256236557849183
11,17.08800749063506,8,4.1069104528427385
11,13.601470508735444,8,3.4729946379518988
11,15.652475842498529,6,3.845904698636096
11,27.80287754891569,6,6.055068645257398
11,11.0,5,4.0
11,8.06225774829855,4,3.4658650451451907
11,26.1725046566048,3,7.7586372102917815
11,21.95449840010015,2,8.99172698183639
11,33.24154027718932,10,7.043916414034422
11,25.0,7,5.545454545454546
11,24.020824298928627,6,5.367422599805205
11,21.93171219946131,6,4.987584036265693
11,39.59797974644666,6,8.199632681172119
11,27.51363298439521,5,7.002478724435492
11,21.02379604162864,4,5.822508371205207
11,23.021728866442675,3,7.185768884807759
11,3.0,2,5.545454545454545
11,20.024984394500787,10,4.640906253545598
11,26.076809620810597,9,5.741238112874654
11,13.601470508735444,9,3.4729946379518988
11,26.1725046566048,5,6.7586372102917815
11,23.853720883753127,4,6.3370401606823865
11,32.64965543462902,10,6.936300988114367
11,5.656854249492381,6,2.02851895445316
11,22.02271554554524,3,7.004130099190044
11,20.615528128088304,3,6.748277841470601
11,22.20360331117452,3,7.037018783849913
12,15.297058540778355,10,3.5495097567963927
12,13.416407864998739,9,3.23606797749979
12,5.830951894845301,8,1.9718253158075503
12,18.973665961010276,5,5.16227766016838
12,9.219544457292887,5,3.536590742882148
12,26.076809620810597,4,6.346134936801766
12,4.123105625617661,4,2.6871842709362768
12,24.08318915758459,3,7.013864859597432
12,36.796738985948195,1,16.132789830991367
12,13.0,1,12.166666666666666
12,13.601470508735444,10,3.266911751455907
12,19.313207915827967,10,4.218867985971327
12,24.596747752497688,9,5.099457958749615
12,8.06225774829855,9,2.343709624716425
12,12.206555615733702,8,3.034425935955617
12,26.476404589747453,8,5.412734098291242
12,20.615528128088304,8,4.435921354681383
12,26.40075756488817,5,6.400126260814695
12,24.515301344262525,3,7.0858835573770875
12,23.769728648009426,3,6.961621441334904
12,25.495097567963924,8,5.249182927993988
12,29.120439557122072,7,5.853406592853679
12,28.0178514522438,7,5.6696419087073
12,33.421549934136806,6,6.570258322356135
12,32.55764119219941,6,6.426273532033235
12,19.026297590440446,5,5.171049598406741
12,29.206163733020468,5,6.8676939555034116
12,10.295630140987,5,3.715938356831167
12,27.16615541441225,3,7.527692569068708
12,26.419689627245813,2,9.403281604540968
12,8.06225774829855,10,2.343709624716425
12,15.556349186104045,10,3.592724864350674
12,26.1725046566048,10,5.362084109434133
12,19.6468827043885,8,4.274480450731417
12,25.238858928247925,8,5.206476488041321
12,25.495097567963924,8,5.249182927993988
12,23.345235059857504,6,4.890872509976251
12,12.206555615733702,5,4.034425935955618
12,4.47213595499958,5,2.74535599249993
12,24.0,2,9.0
12,27.202941017470888,9,5.533823502911814
12,26.832815729997478,5,6.47213595499958
12,23.53720459187964,5,5.92286743197994
12,33.421549934136806,3,8.570258322356135
12,18.0,2,8.0
12,16.1245154965971,7,3.6874192494328497
12,12.041594578792296,5,4.0069324297987166
12,36.124783736376884,4,8.020797289396146
12,26.570660511172846,4,6.428443418528808
12,15.556349186104045,3,5.592724864350674
12,27.80287754891569,8,5.633812924819281
12,24.166091947189145,7,5.0276819911981905
12,18.439088914585774,6,4.073181485764296
12,17.08800749063506,5,4.848001248439177
12,30.886890422961002,1,15.1478150704935
12,26.92582403567252,4,6.487637339278753
12,12.806248474865697,4,4.13437474581095
12,21.840329667841555,3,6.640054944640259
12,29.832867780352597,2,9.972144630058766
12,28.600699292150182,2,9.766783215358362
13,31.064449134018133,9,5.779146020618175
13,9.219544457292887,5,3.4183914549681367
13,23.021728866442675,5,5.54180444099118
13,12.165525060596439,4,3.8716192400917597
13,38.18376618407357,4,7.874425566780549
13,17.69180601295413,3,5.721816309685251
13,12.806248474865697,2,6.9701920730562605
13,27.892651361962706,1,14.291177132609647
13,14.142135623730951,1,12.175713172881686
13,27.892651361962706,1,14.291177132609647
13,22.02271554554524,8,4.388110083930037
13,17.804493814764857,8,3.7391528945792087
13,29.5296461204668,7,5.543022480071816
13,25.019992006393608,6,4.8492295394451705
13,26.476404589747453,6,5.073293013807301
13,7.0,4,3.0769230769230766
13,10.295630140987,4,3.5839430986133847
13,16.0312195418814,4,4.466341467981754
13,35.4682957019364,2,10.456660877220983
13,24.08318915758459,2,8.705106024243783
13,21.213203435596427,10,4.263569759322527
13,9.433981132056603,9,2.4513817126240927
13,11.180339887498949,9,2.7200522903844537
13,25.0,8,4.846153846153847
13,6.4031242374328485,6,1.9850960365281305
13,21.633307652783937,6,4.328201177351374
13,19.209372712298546,5,4.955288109584392
13,23.430749027719962,4,5.604730619649224
13,2.23606797749979,3,3.3440104580768906
13,24.020824298928627,3,6.695511430604404
13,18.439088914585774,10,3.836782909936273
13,23.021728866442675,10,4.54180444099118
13,33.28663395418648,9,6.121020608336381
13,24.413111231467404,8,4.755863266379601
13,20.591260281974,8,4.167886197226769
13,32.202484376209235,6,5.954228365570652
13,23.853720883753127,6,4.669803212885096
13,25.059928172283335,3,6.855373564966667
13,17.69180601295413,3,5.721816309685251
13,24.331050121192877,2,8.74323848018352
13,11.180339887498949,9,2.7200522903844537
13,24.186773244895647,8,4.721042037676254
13,22.090722034374522,7,4.398572620673003
13,6.082762530298219,5,2.93580962004588
13,24.331050121192877,1,13.74323848018352
13,13.038404810405298,9,3.005908432370046
13,25.612496949731394,6,4.940384146112522
13,26.30589287593181,5,6.0470604424510475
13,31.38470965295043,4,6.828416869684681
13,25.179356624028344,3,6.8737471729274375
13,14.866068747318506,10,3.2870874995874626
13,27.892651361962706,8,5.291177132609647
13,10.63014581273465,7,2.635407048113023
13,26.019223662515376,7,5.0029574865408275
13,26.570660511172846,3,7.087793924795823
13,18.788294228055936,10,3.890506804316298
13,30.01666203960727,8,5.617948006093426
13,20.396078054371138,8,4.137858162210945
13,27.202941017470888,7,5.185067848841675
13,28.231188426986208,7,5.3432597579978784
14,15.297058540778355,10,3.1852940772540506
14,11.40175425099138,10,2.6288220358559116
14,12.529964086141668,10,2.78999486944881
14,28.284271247461902,6,5.040610178208843
14,5.0990195135927845,5,2.7284313590846834
14,21.0,3,6.0
14,14.866068747318506,2,7.123724106759786
14,27.459060435491963,2,8.922722919355994
14,30.4138126514911,1,14.344830378784444
14,8.06225774829855,1,11.151751106899793
14,17.72004514666935,10,3.531435020952764
14,29.732137494637012,10,5.247448213519573
14,16.278820596099706,10,3.325545799442815
14,10.0,9,2.428571428571429
14,17.72004514666935,9,3.531435020952764
14,21.02379604162864,7,4.003399434518377
14,14.7648230602334,4,4.1092604371762
14,12.041594578792296,3,4.7202277969703275
14,30.479501308256342,2,9.35421447260805
14,13.0,1,11.857142857142858
14,29.206163733020468,10,5.172309104717209
14,24.08318915758459,10,4.440455593940656
14,22.360679774997898,9,4.1943828249997
14,14.0,5,4.0
14,24.041630560342615,5,5.434518651477516
14,31.38470965295043,4,6.48352995042149
14,31.304951684997057,3,7.47213595499958
14,27.018512172212592,2,8.859787453173228
14,21.02379604162864,2,8.003399434518377
14,5.0,1,10.714285714285714
14,28.844410203711913,10,5.120630029101702
14,26.076809620810597,6,4.7252585172586565
14,18.027756377319946,5,4.5753937681885635
14,18.788294228055936,4,4.68404203257942
14,27.202941017470888,4,5.886134431067269
14,27.51363298439521,3,6.9305189977707435
14,24.698178070456937,2,8.52831115292242
14,24.758836806279895,2,8.536976686611414
14,21.95449840010015,2,8.136356914300022
14,28.0178514522438,1,14.0025502074634
14,30.886890422961002,9,5.412412917565858
14,19.924858845171276,8,3.8464084064530395
14,21.2602916254693,7,4.037184517924185
14,19.79898987322333,6,3.8284271247461903
14,24.73863375370596,5,5.534090536243709
14,27.51363298439521,10,4.9305189977707435
14,25.298221281347036,4,5.614031611621005
14,30.479501308256342,4,6.3542144726080485
14,21.18962010041709,3,6.02708858577387
14,25.495097567963924,2,8.642156795423418
14,15.811388300841896,9,3.2587697572631282
14,28.861739379323623,9,5.123105625617661
14,10.0,8,2.428571428571429
14,6.708203932499369,8,1.95831484749991
14,27.586228448267445,5,5.940889778323921
14,7.0710678118654755,10,2.010152544552211
14,3.1622776601683795,9,1.4517539514526256
14,27.65863337187866,8,4.951233338839809
14,16.0,8,3.2857142857142856
14,19.849433241279208,3,5.835633320182744
15,29.832867780352597,10,4.977715704047013
15,16.0312195418814,9,3.1374959389175197
15,31.304951684997057,7,5.173993557999608
15,31.38470965295043,7,5.184627953726724
15,6.082762530298219,7,1.8110350040397627
15,24.186773244895647,6,4.22490309931942
15,26.019223662515376,5,5.469229821668717
15,13.601470508735444,4,3.813529401164726
15,28.861739379323623,3,6.848231917243149
15,9.055385138137417,2,6.207384685084989
15,21.095023109728988,10,3.812669747963865
15,31.400636936215164,10,5.186751591495355
15,26.019223662515376,10,4.469229821668717
15,22.360679774997898,9,3.9814239699997196
15,24.020824298928627,7,4.202776573190484
15,22.47220505424423,5,4.996294007232564
15,20.615528128088304,4,4.748737083745107
15,35.608987629529715,3,7.7478650172706285
15,1.0,3,3.1333333333333333
15,20.808652046684813,1,12.774486939557974
15,20.396078054371138,8,3.719477073916152
15,23.08679276123039,7,4.078239034830719
15,14.212670403551895,6,2.895022720473586
15,6.4031242374328485,5,2.85374989832438
15,19.6468827043885,5,4.619584360585133
15,20.591260281974,4,4.745501370929867
15,28.071337695236398,4,5.742845026031519
15,26.248809496813376,4,5.499841266241783
15,15.652475842498529,2,7.086996778999804
15,19.4164878389476,2,7.588865045193013
15,20.223748416156685,9,3.6964997888208915
15,5.830951894845301,9,1.7774602526460401
15,15.033296378372908,8,3.0044395171163876
15,3.0,6,1.4
15,14.142135623730951,6,2.8856180831641267
15,18.027756377319946,5,4.403700850309326
15,18.24828759089466,4,4.433105012119288
15,14.866068747318506,3,4.9821424996424675
15,22.561028345356956,3,6.008137112714261
15,20.223748416156685,1,12.69649978882089
15,19.72308292331602,9,3.6297443897754693
15,13.416407864998739,6,2.788854381999832
15,22.02271554554524,2,7.936362072739366
15,18.027756377319946,2,7.403700850309326
15,9.899494936611665,2,6.3199326582148885
15,18.027756377319946,6,3.4037008503093262
15,1.0,6,1.1333333333333333
15,39.59797974644666,3,8.279730632859554
15,6.082762530298219,2,5.811035004039763
15,30.4138126514911,1,14.055175020198813
15,4.123105625617661,10,1.5497474167490215
15,6.0,9,1.8
15,22.561028345356956,8,4.008137112714261
15,22.360679774997898,7,3.9814239699997196
15,20.223748416156685,6,3.6964997888208915
15,16.97056274847714,10,3.262741699796952
15,8.94427190999916,8,2.1925695879998877
15,6.082762530298219,7,1.8110350040397627
15,25.553864678361276,3,6.407181957114837
15,26.476404589747453,1,13.530187278632994
